angle,charge,time
58.0711387329426,27.2475635804126,10.803960113175
64.2170970532577,21.3878550286983,32.266985425675
64.5256393321576,39.3035881618431,32.267002081925
57.9633186093344,54.7618998758548,34.6354091288
63.5516139631161,23.6527724489788,42.265402363175
67.7805404388827,23.3600066373851,42.285040019425
79.0855163914877,56.7084330882484,47.507553769425
