angle,charge,time
78.1373484823692,36.9040284442512,26.76608197255
78.3164365200173,52.9159147055758,26.7660915038
161.586450090772,39.5440277745074,33.9332989413
228.618236403864,21.2816743394573,59.1483301913
