angle,charge,time
83.4247003209007,83.9991340373381,13.926019550675
38.1832920261251,66.4191132648817,22.284203581925
37.1804637526449,115.757362029179,44.02116566005
