angle,charge,time
64.452076118445,21.834537650145,12.033232331925
280.648221209147,22.4976964141588,12.141416519425
206.970439630745,28.3708976450692,33.566120894425
