angle,charge,time
79.0961303223603,36.010441156753,5.182507081925
79.2974701565906,54.3383185669377,5.18251797255
101.510522350589,24.7832414312921,14.38570322255
101.695296085308,51.6699426300615,14.385712956925
83.9446440211668,20.1698796553629,55.867149800675
54.1981185513458,76.0560989188086,58.8163030038
83.1418639957501,22.3559781797888,60.049241175675
83.3195424386242,33.7789032855973,60.0492508163
