angle,charge,time
16.5587287199859,26.1988798710977,32.45900166005
75.0856408741369,30.5571713765662,36.956235269425
