angle,charge,time
94.4173627866966,70.3828106907167,40.650143488175
