angle,charge,time
177.807795814013,20.0612530060207,56.6949375038
