angle,charge,time
85.500568870276,20.1250908299366,7.171468644425
82.113813187886,22.3481753935939,44.3652251913
67.853746765288,21.5558352417711,48.72693703505
73.7681958296221,23.0056165090309,49.6330348163
