angle,charge,time
11.6900230616109,29.2941018664727,28.621743925675
