angle,charge,time
94.5591061938077,31.9660409253686,13.806850050675
95.2638893035384,40.6536956876202,13.80688903505
