angle,charge,time
212.362487504057,29.2126184353592,2.24738809755
219.126730874921,21.4490283173552,2.247751394425
334.208574501457,21.7067943480975,31.881169394425
