angle,charge,time
60.3946796411494,31.8177845182177,21.244659113175
84.7694636190199,29.6870375504632,35.75813616005
