angle,charge,time
57.1405290990095,416.545881121166,26.3375148788
57.8459928248805,221.639359643255,26.33755453505
97.1690634677833,103.585640065518,26.3397650038
69.7068286237534,141.997247293801,56.46192491005
