angle,charge,time
152.228924210882,22.4446572438808,7.39201491005
56.111178166911,20.1205770794521,12.255842706925
63.4128576895895,49.5985336135263,19.048092144425
