angle,charge,time
96.0985156199427,23.3809725053158,7.56852334755
3.44609917595308,31.6161263835824,43.62513584755
17.5219871199694,25.5411195665411,43.62592672255
188.713491931856,187.726223455087,53.651451144425
226.766580249133,20.9619127611305,53.65365591005
164.118484568989,44.0314798511032,59.417436019425
137.676724341146,25.3537729005826,59.60756753505
