angle,charge,time
83.2671676435186,22.068463376157,1.87520428505
82.9957117812089,24.3012276968102,31.4928701913
81.3073778817312,33.0400810877318,35.80063784755
72.0595123782468,21.3046143227036,59.5774911913
