angle,charge,time
84.1254605233683,21.4537190096342,25.289766738175
73.0092585987971,40.1423443097126,33.9967007538
70.3325601763839,20.3865084535959,46.7579744413
67.6711917247306,24.0217602753834,49.8995723163
