angle,charge,time
63.2848622736546,25.4692933410183,59.55119228505
